{
    "Author": "Ottermandias, Adam, Wintermute",
    "Name": "Penumbra",
    "Description": "Runtime mod loader and manager.",
    "InternalName": "Penumbra",
    "AssemblyVersion": "1.0.0.0",
    "RepoUrl": "https://github.com/xivdev/Penumbra",
    "ApplicableVersion": "any",
    "Tags": [ "modding" ],
    "DalamudApiLevel": 8,
    "LoadPriority": 69420,
    "LoadRequiredState": 2,
    "LoadSync": true,
    "IconUrl": "https://raw.githubusercontent.com/xivdev/Penumbra/master/images/icon.png"
}