{
  "Disabled": true,
  "Testing": false,
  "ScheduledForDeletion": false,
  "InstalledFromUrl": "",
  "IsThirdParty": false,
  "EffectiveVersion": "1.0.0.0",
  "Author": "Adam",
  "Name": "Penumbra",
  "Punchline": null,
  "Description": "Runtime mod loader and manager.",
  "Changelog": null,
  "Tags": [
    "modding"
  ],
  "CategoryTags": null,
  "IsHide": false,
  "InternalName": "Penumbra",
  "AssemblyVersion": "1.0.0.0",
  "TestingAssemblyVersion": null,
  "IsTestingExclusive": false,
  "RepoUrl": "https://github.com/xivdev/Penumbra",
  "ApplicableVersion": "any",
  "DalamudApiLevel": 7,
  "DownloadCount": 0,
  "LastUpdate": 0,
  "DownloadLinkInstall": null,
  "DownloadLinkUpdate": null,
  "DownloadLinkTesting": null,
  "LoadRequiredState": 2,
  "LoadSync": true,
  "LoadPriority": 69420,
  "CanUnloadAsync": false,
  "ImageUrls": null,
  "IconUrl": "https://raw.githubusercontent.com/xivdev/Penumbra/master/images/icon.png",
  "AcceptsFeedback": true,
  "FeedbackMessage": null,
  "_isDip17Plugin": false,
  "_Dip17Channel": null
}